Event Type,Psychological Hook,Class Fit,Goal,Notes,Type
DJ & Drinks Lounge,"Scene setting, lifestyle proof","A, Student, Lease-Up",Align with status/lifestyle,"Hosts keep energy curated, not club",Anchor
Pet Spa or Parade,Love for pets = low-friction bonding,"A, B, Student",Affection & content capture,Easy way to build online momentum,Anchor
Poolside Mixer,"Seasonal, aspirational lifestyle","A, Student, Lease-Up",Capture IG moments,"Keep hosts floating, mingling",Anchor
Private Chef Tasting,"Taste of luxury, exclusivity","A, Lease-Up",Make home feel irreplaceable,Great for 10–20 RSVP events,Momentum
Silent Disco,"Novelty, spectacle, curiosity","A, Student",Create buzz & uniqueness,"Visual-driven event, works well outdoors",Anchor
Live Art Show,Performance + cultural cachet,"A, B",Upscale identity-building,"Timed performance, can include artist Q&A",Momentum
Clubhouse Museum Night,"Elevation, curiosity, immersive experience","A, B, Seniors",Emotional immersion,Works indoors; pair with soft lighting and guides,Momentum
Adopt-a-Family Holiday,"Generosity, joy, community participation","A, Seniors",Emotional warmth + pride,Anonymous matching with gift drop at clubhouse,Momentum
Headshot + LinkedIn Lounge,"Aspiration, self-investment","A, B",Career growth + polish,"Add snacks, quiet music, mirrors, branding tips",Momentum
Cultural Pass Giveaway,"Prestige, local immersion","A, B, Seniors",External partnerships,Free museum or venue passes for residents,Anchor
Invite-A-Friend Vendor Pop-Up,"Social capital, incentive","A, Lease-Up",Lease-up lead generation,Unique codes to bring guests + get a freebie,Anchor
Mixology Night w/ Brand Rep,"VIP access, insider experience",A,"Social prestige, IG-worthy moment",Brand-backed — e.g. local distillery or liquor partner with tastings,Anchor
Rooftop Acoustic Sessions,"Chill exclusivity, sunset visuals",A,Relaxation + ambiance,Book local singer-songwriter or small jazz setup,Anchor
Resident Startup Pitch Night,"Prestige, visibility, career network",A,Resident recognition,"Great for tech-focused properties, adds social validation",Momentum
Designer Closet Swap,"Exclusivity, sustainable fashion + networking",A,Status + community engagement,"Residents bring pre-loved upscale pieces, champagne-style presentation",Momentum
Wine & Paint (Luxury Edition),Familiar concept elevated,A,Elegant creative bonding,"Replace paper with canvas, wine w/ local vineyard options",Momentum
Floating Lounge Pool Night,"High-aesthetic, serene setting",A,Group bonding in a soft tone,"Use lighted pool floats, curated playlist, maybe spa water service",Anchor
Luxury Dog Social,Pet-lover identity + elite treatment,A,Pet-as-family bonding,Complimentary dog massage or “dog charcuterie” boards,Momentum
Mindfulness & Matcha,Self-optimization meets lifestyle,A,"Personal care, mental health support",Morning event — includes guided meditation + matcha bar,Momentum
Resident Story Feature Wall,"Prestige, personalization",A,Tie identity to building,"Feature bios, photos, or mini-interviews on TV wall or printed display",Momentum
High-End Game Night,"Novelty, upscale competition",A,Bonding without being tacky,"Custom poker setup, charcuterie, candle-lit, quiet vibe — not casino",Momentum
Artisanal Pop-Up Tasting Circuit,"Discovery, exclusivity",A,Socialization through local luxury,"Residents walk “tasting circuit” in lobby: charcuterie, candles, perfume",Anchor
Real Estate Investment 101,Aspirational knowledge,A,"Empowerment, high-income alignment",Speaker-style lounge setting with optional follow-up resources,Momentum
Family Photo Booth,"Family pride, ease, gift value","B, C",Emotional memory,Use real photogs + frame options,Momentum
Bingo / Trivia Night,"Low-pressure bonding, nostalgia","B, C, 55+","Familiarity, comfort","Small prizes, non-intimidating pace",Anchor
Cultural Celebration,"Identity validation, belonging","B, C, Student",Community visibility,Themes must feel authentic,Anchor
Movie Night + Lounge,Nostalgia + passive comfort,All,"Ease, group feel",Encourage light hangout before/after,Anchor
Local Vendor Fair,"Support local, economic pride","B, C",Community elevation,"Offers, samples, prizes encouraged",Anchor
Tax Help Pop-Up,"Relief, empowerment","B, C, Workforce",Financial guidance + loyalty,Works seasonally (Feb–Apr),Momentum
S'mores Fire Pit Lounge,"Comfort food, seasonal nostalgia",B,Warmth + high-traffic hangout draw,Use LED fire pits or property-installed ones,Anchor
Coffee & Connection Bar,"Ease, routine disruption, warm energy",B,Soft social ignition + curiosity,Offer local roasts + simple toppings,Anchor
Balloon Prize Wall,"Suspense, novelty, low-barrier entry",B,Engagement + foot traffic conversion,Pop to reveal gift cards or community perks,Anchor
Live Acoustic Drop-In,"Passive entertainment, ambiance setting",B,Elevate mood + drive casual stop-ins,"Great in breezeways, courtyards, or near leasing",Anchor
Mini Farmers Market,"Local pride, discovery",B,Community-rooted buzz,Invite 3–4 vendors with samples only,Anchor
Compliment Station Booth,"Unexpected positivity, mood lift",B,Emotional pattern interrupt + smiles,Give cards or framed mini affirmations,Anchor
Fresh Flower Stem Bar,"Surprise beauty, sensory delight",B,"Moment of joy, subtle luxury",Partner with local florist or do self-serve stems,Anchor
Spin-the-Wheel Perk Booth,"Gamification, curiosity",B,Quick draw-in to events or surveys,"Include things like “free pizza night pass,” “resident shirt,” etc.",Anchor
Themed Potluck & Story Night,"Familiarity, shared vulnerability",B,Bonding over food and memories,Residents sign up with a dish + story label,Momentum
Canvas & Mocktails Night,"Casual creativity, low-stakes participation",B,Community expression,Easier alternative to “Paint & Sip”,Momentum
Plant Swap + Mini Workshop,"Growth, care, beauty",B,Supportive community feel,Free potting soil or small succulent gift,Momentum
Game Show Night (Family Feud),"Playfulness, participation, laughter",B,Comfortable high-energy bonding,"Host-led, low-cost prizes",Momentum
Crafting for a Cause,"Purpose, generosity, skill-sharing",B,Collective identity + service,All crafts donated (e.g. cards for hospital),Momentum
Trivia League Kickoff,"Repeatable engagement, pride",B,Build habit + friendly competition,Leaderboard + property bragging rights,Momentum
Recipe Share & Bite Night,"Cultural exchange, family traditions",B,Deeper emotional memory-building,Residents submit + sample small dishes,Momentum
Upcycled DIY Decor Workshop,"Resourcefulness, home personalization",B,Empower pride in living space,Supply basic tools and guidance,Momentum
Car Care Station,"Convenience, respect, dignity","C, Workforce",Functional value + goodwill,"Vacuum, windshield refill, tire check",Anchor
Free Haircut Pop-Up,"Confidence, support, dignity","C, Workforce, Seniors",Emotional + practical boost,Bring mobile barbers or sponsor a stylist booth,Anchor
Complimentary Health Check,"Care, safety, relief","C, Workforce, Seniors",Trusted community feel,Partner with a health group,Momentum
Food Bank Contest Night,"Purpose, impact, friendly competition",All,Give residents something to rally around,Add donation count display + prize,Momentum
Pop-Up Gallery (Resident Art),"Belonging, local pride",All,Community contribution,Residents submit art to display in lounge,Momentum
Pop-Up Resource Fair,"Support, visibility, hope",C,Show residents they’re not alone,"Include local support orgs, job boards, childcare, etc.",Anchor
Community BBQ + DJ Booth,"Warmth, fun, neighborly vibes",C,Positive shared first impression,"Simple comfort food, light music",Anchor
Mini Farmers Market Giveaway,"Surprise abundance, dignity",C,Boost energy + goodwill,Free fresh produce in common space,Anchor
Wheel of Fortune Booth,"Novelty, low-pressure prize draw",C,Light engagement & reward loop,Small grocery/home goods prizes,Anchor
Pop-Up Hair & Self-Care Bar,"Confidence, pride, human dignity",C,Attract with real value,"Free basic grooming, hygiene kits",Anchor
"""Your Voice"" Mural Wall","Expression, being seen",C,Creative icebreaker,Residents write affirmations or hopes on a shared wall,Anchor
Groceries for a Month Raffle,"Tangible relief, aspiration",C,Immediate participation,Enter-to-win via survey or QR signup,Anchor
Neighborhood Welcome Pop-Up,"Recognition, inclusion",C,"Combat churn, build belonging",Especially effective after move-in surges,Anchor
Car Care Clinic,"Respect, self-worth, practicality",C,Empower residents via service,"Free vacuums, oil checks, tire fill-ups",Momentum
Family Game Night + Pizza,"Familiarity, joy, accessibility",C,Comfort through community,"Board games, movies, no pressure",Momentum
Open Mic Night,"Expression, storytelling, voice",C,Help residents feel seen,"Light rules, local sign-ups encouraged",Momentum
Pet Food & Toy Pickup,"Compassion, unexpected help",C,Encourage return attendance,Pair with survey incentive,Momentum
Resident Recipe Share (Tasting Table),"Cultural pride, personal contribution",C,Community participation,Residents bring or submit dishes,Momentum
Mini Career Fair or Resume Help,"Hope, self-worth, tangible growth",C,Create forward-looking association,Partner w/ local job centers or schools,Momentum
Back-to-School Giveaway Night,"Support, generosity, family warmth",C,Give families a reason to stay,"Backpacks, supplies, etc.",Momentum
Volunteer Night or Food Drive,"Purpose, pride, participation",C,Shift identity from “struggle” to “giving back”,Display progress or donation leaderboard,Momentum
Champagne Welcome Lounge,"Exclusivity, celebration, indulgence",Lease-Up,Make move-in feel like arrival,"Use lounge lighting, curated playlists",Anchor
Live Violinist + Hors D'oeuvres,"Class, spectacle, refinement",Lease-Up,Luxury atmosphere = emotional anchor,Great for lobby or terrace activation,Anchor
Skyline Cocktail Hour,"Prestige, social envy, photogenic space",Lease-Up,Create IG-worthy moments,Invite-only RSVP — preferred vendors only,Anchor
Poolside Brunch + DJ Set,"Daytime luxury, curated lifestyle",Lease-Up,Turn amenity space into aspiration,"Branded napkins, fresh juice bar",Anchor
Exclusive Brand Collab Booth,"Social capital, trend alignment",Lease-Up,"Tie PureStay to a modern, luxe brand","Think athleticwear, skincare, wine, tech",Anchor
Luxury Car Display + Photos,"Status, fantasy, attention-grabbing",Lease-Up,High-visibility anchor,"Park Tesla, Porsche, or local dealer loaners at entry",Anchor
Designer's Closet Preview,"Style curation, insider access",Lease-Up,Connect to local boutique partners,Residents get RSVP-only sneak peek,Anchor
"""Friends of the Property"" Gala","Networking, elevated gathering",Lease-Up,Mix current residents with handpicked prospects,Great for curated referral leads,Anchor
Private Chef Dinner (10-20 RSVP),"Exclusivity, taste, intimacy",Lease-Up,Residents feel chosen + catered to,Booked RSVPs only — menus on display,Momentum
Headshot Lounge + Networking Bubbles,"Investment in self, polish, elegance",Lease-Up,Align property with growth & aspiration,Pair w/ free drinks or resume tips,Momentum
Luxury Pet Spa Day,"Affection, indulgence, lifestyle",Lease-Up,Reinforce quality of amenities,"Partner w/ local groomer, branded towels",Momentum
Resident-Only Wine Tasting,"Sophistication, curation, prestige",Lease-Up,Turn residents into ambassadors,"Sommelier, vineyard feature, wine cards",Momentum
Sustainable Living Showcase,"Values + aesthetics, influence",Lease-Up,Position property as future-forward,"Green brands, home gadgets, design inspo",Momentum
Brunch & Brand Talk (Wellness Theme),"Lifestyle clarity, curated discovery",Lease-Up,Create affinity loop with lifestyle,"Feature fitness, supplements, self-care gifts",Momentum
Rooftop “Unplug” Night,"Peace, status, elevated reset",Lease-Up,Build affinity through ambiance,"Acoustic music, mocktails, phone pouch optional",Momentum
Designer Pop-Up with Styling Booth,"Attention, insider access, indulgence",Lease-Up,Tie space to aspirational aesthetic,"Pre-promoted online, photos encouraged",Momentum
Pen Pal Launch Party,"Intergenerational connection, purpose","Student, Seniors",Community story-building,Optional kickoff event with card stations,Momentum
Afternoon Tea Social,"Comfort, familiarity, ease",55+,Gentle entry into community interaction,Optional card games or live pianist,Anchor
Clubhouse Welcome Tour + Treats,"Orientation, inclusion, curiosity",55+,Build familiarity with property spaces,Light refreshments + host-led walkthrough,Anchor
Photo Memory Wall Creation,"Reflection, contribution, storytelling",55+,Start shared legacy among residents,Bring a photo = enter raffle,Anchor
"""Meet the Neighbors"" Bingo","Icebreaking, fun, shared laughter",55+,Facilitate low-stakes introductions,Hosts can help team pairings,Anchor
Pen Pal Kickoff Booth,"Purpose, connection, tradition",55+,Introduce long-term resident activity,"Pair with students, military, or kids",Anchor
Live Jazz Brunch,"Nostalgia, class, cultural energy",55+,Set a high-quality tone for future events,"Use soft linens, coffee service",Anchor
Welcome Garden Planting Ceremony,"Roots, hope, beauty",55+,Symbolic event for residents to “invest”,Dedicate small garden bed or planter wall,Anchor
Legacy Story Recording Booth,"Self-worth, dignity, memory preservation",55+,Capture resident voices for keepsakes,Optional video or audio recordings,Anchor
Craft & Conversation Afternoon,"Creativity, calm, shared moments",55+,"Encourage slow, meaningful connection",Include seasonal or themed crafts,Momentum
Volunteer Night or Charity Drive,"Purpose, pride, outward focus",55+,Build legacy and resident self-worth,"Can tie to food banks, schools, shelters",Momentum
Health & Wellness Check-Ins,"Safety, consistency, physical care",55+,Build trust and predictability,"Blood pressure, light screenings, etc.",Momentum
Pet Photo Wall + Treat Bar,"Affection, joy, visual bonding",55+,Connect over common interests,Take polaroids or have photo submissions,Momentum
Resident-Led Book Circle,"Intellectual engagement, leadership",55+,Encourage ownership + friendships,"Rotate hosts, use clubhouse or virtual",Momentum
Intergenerational Game Night,"Laughter, surprise, connection",55+,Bridge age gaps and build joy,"Invite local schools, student housing",Momentum
Legacy Letter Writing Night,"Meaning, reflection, personal dignity",55+,Deep emotional imprint of community,Residents write letters to family or future residents,Momentum
Seasonal Cooking Demo or Potluck,"Cultural sharing, taste, inclusion",55+,Encourage memory and participation,Can pair with holiday or monthly theme,Momentum
Welcome Week Bash,"Belonging, excitement, identity",Student,Initiate social momentum,"DJ booth, giveaways, student orgs",Anchor
Campus Survival Kit Pop-Up,Practicality + curiosity,Student,"Drive traffic, show value","Give away snacks, chargers, planner kits",Anchor
Dorm Door Decorating Contest,Self-expression + social comparison,Student,Tie identity to space,Prizes for most creative — post winners,Anchor
Clubhouse Graffiti Wall,"Self-expression, memory creation",Student,Visual proof of community,Let residents write on a giant banner or wall covering,Anchor
Night Market or Street Fair,"Cultural energy, chaos, exploration",Student,Local immersion + attention grab,"Vendors, food trucks, music",Anchor
Silent Disco (Glow Theme),"Novelty, curiosity, social content",Student,Hype and memorability,Make sure it’s visually striking,Anchor
Brand Collab Giveaway Table,Free stuff = social capital,Student,Capture signups / scan traffic,"Use QR incentives, brand swag",Anchor
Pre-Game Tailgate or Game Night,School spirit + social tradition,Student,Build emotional relevance,Free food + optional shuttle to actual event,Anchor
Pet Meet & Greet + Polaroids,"Belonging, pet pride, conversation starter",Student,Social bonding through pets,Instant photos are memory keepers,Momentum
Late Night Pancake Bar,"Comfort, fun, unpredictability",Student,Make staying in feel like an experience,"Midnight event, offer toppings & music",Momentum
Creative Speed Friending,Gamified connection,Student,Shortcut social anxiety,Use question cards or light competitions,Momentum
"Dorm DIY Night (Posters, Mugs, etc.)","Identity crafting, comfort",Student,"Personalize space, encourage expression",Small kits + snacks,Momentum
Group Study + Pizza Night,Academic support + social guilt reduction,Student,Community = productivity,Encourage mentor/resident peer pairing,Momentum
Social Media Challenge Kickoff,"Visibility, digital relevance",Student,Turn residents into ambassadors,Weekly mini-challenges with prize wheel,Momentum
"Game Tournament (Mario Kart, etc.)","Competition, bonding",Student,"Familiarity, easy returner event",Use shared space screens or private rooms,Momentum
"""Where I’m From"" Night","Cultural pride, personal storytelling",Student,Identity-based connection,Optional flag/city displays + food samplers,Momentum
Coffee & Grab-N-Go Table,"Ease, routine relief, care",Workforce,Start or end day with positivity,Morning setup with free coffee + breakfast bars,Anchor
Night Shift Pop-Up Table,"Recognition, inclusion",Workforce,Acknowledge non-9-to-5 residents,Late night treats + LED lighting + quiet music,Anchor
Mobile Mechanic Booth,"Respect, service, stress-reduction",Workforce,Tangible time/money savings,"Oil check, tire fill, light diagnostics",Anchor
Work Boot & Gear Giveaway,"Practicality, gratitude, dignity",Workforce,Appreciation + usefulness,"Branded PPE or essentials, raffle-based",Anchor
Free Food Truck Night,"Relief, joy, neighborhood pride",Workforce,Show residents their time is valued,Partner with local vendor or sponsor,Anchor
“You Matter” Essentials Booth,"Kindness, surprise, self-worth",Workforce,Emotional uplift,"Hygiene kits, snack packs, handwritten notes",Anchor
Sunday Supper to Go,"Family feel, comfort food, generosity",Workforce,Make life easier,Packaged dinner trays — minimal effort event,Anchor
Spin-to-Win (Bills Edition),"Humor, hope, tangible reward",Workforce,Lighten emotional load,Residents spin to win bill credits or bonuses,Anchor
After-Work Chill Lounge,"Ease, belonging, quiet relaxation",Workforce,Build comfort through calm,"Use light music, drinks/snacks, dim lighting",Momentum
Mobile Barbershop Pop-Up,"Dignity, self-care, confidence",Workforce,Show support through small luxuries,Schedule recurring or seasonal visits,Momentum
Budgeting Help + Coffee Night,"Financial relief, self-improvement",Workforce,Reduce money stress,Partner with nonprofit or credit union,Momentum
Family Movie Night (Outdoors),"Low-cost joy, bonding",Workforce,Memory-building without pressure,"Simple setup, popcorn, blankets",Momentum
Healthy Meal Prep Demo,"Control, empowerment, self-worth",Workforce,Show how to win in small ways,Include take-home packs or grocery gift card,Momentum
Neighborhood Clean-Up & Pizza,"Pride, teamwork, visible change",Workforce,Build stake in the community,Frame it as resident-powered,Momentum
Tool Library or Fix-It Workshop,"Resourcefulness, contribution, skill",Workforce,Build pride in home maintenance,Invite maintenance team to co-host,Momentum
Late Rent Recovery Raffle,"Hope, dignity, humor",Workforce,Reduce shame around financial delay,Offer small rent credit drawing for survey completion,Momentum
